story,lang,sentences,sentence_num
1,eng,"Pandu, a wealthy jeweller of the Brahman caste, was travelling with a servant in a carriage on some lucrative business to Varanasi, and overtaking on his way a monk of venerable appearance who was walking in the same direction, he thought to himself; ' This shramana' looks noble and saintly, Companionship with good men brings luck; should he also be going to Varanasi, I will invite him to ride with me in my carriage.""",1
1,eng,Having saluted the shramana he told him whither he was driving and at what inn he intended to stay in Varanasi.,2
1,eng,"Learning that the shramana, whose name was Narada, also was travelling to Varanasi, he asked him to accept a seat in his carriage.",3
1,eng,"'I am obliged to you for your kindness,"" said the shramana to the Brahman, for I am quite worn out by the long journey.",4
1,eng,"Having no possessions in this world, I cannot repay you in money; but it may happen that I can reward you with some spiritual treasure out of the wealth of the information I have received while following Shakyamuni, the Blessed One, the Great Buddha, the Teacher of mankind.""",5
1,eng,Both travelled together in the carriage and Pandu listened with pleasure to the instructive discourse of Narada.,6
1,eng,"After about an hour's journey, they came to a place where the road had become almost impassable by a washout caused by a recent rain, and a farmer's cart with a broken wheel prevented further progress.",7
1,eng,"Dévala, the owner of the cart, was on his way to Varanasi to sell his rice, and was anxious to reach the town before the dawn of the next morning.",8
1,eng,"If he was delayed a day or two longer, the rice merchants might have left town or bought all the stock they needed.",9
1,eng,"When the jeweller saw that he could not proceed on his way unless the farmer's cart was removed, he began to grow angry and ordered Mahadata, his slave, to push the cart aside, so that his carriage could pass by.",10
1,eng,"The farmer remonstrated because it being so near the slope of the road, it would jeopardise his cargo; but the Brahman would not listen to the farmer and bade his servant overturn the rice cart and push it aside.",11
1,eng,"Mahaduta, an unusually strong man who seemed to take delight in the injury of others, obeyed before the shramana could interfere.",12
1,eng,"When Pandu was about to continue his travel the shramana jumped out of the carriage and said: 'Excuse me, sir, for leaving you here.",13
1,eng,I am under obligations for your kindness in giving me an hour's ride in your carriage.,14
1,eng,"I was tired when you picked me up on the road, but now thanks to your courtesy, I am rested, and recognising in this farmer an incarnation of one of your ancestors I cannot repay your kindness better than by assisting him in his troubles.""",15
1,eng,"The Brahman looked at the shramana in amazement: ""That farmer, you say, is an incarnation of one of my ancestors?",16
1,eng,"That is impossible.""",17
1,eng,"""I know,"" replied the shramana, ""that you are not aware of the numerous important relations which tie your fate to that of the farmer.",18
1,eng,"But the blind man cannot be expected to see; so I regret that you do harm to yourself and I shall try to protect you against the wounds which you are about to inflict upon yourself.""",19
1,eng,"The wealthy merchant was not accustomed to be reprimanded, and feeling that the words of the shramana, although uttered with great kindness, contained a stinging reproach, bade his servant drive on without further delay.",20
1,eng,"The shramana saluted Dévala, the farmer, and began to help him repair his cart and load up the rice, part of which had been thrown out.",21
1,eng,"The work proceeded quickly and Dévala thought: ""This shramana must be a holy man; invisible devas seem to assist him, I will ask him how I deserved the ill treatment at the hands of the proud Brahman.""",22
1,eng,"And he said: ""Venerable sir, can you tell me why I suffer an injustice from a man to whom I have never done any harm?""",23
1,eng,"And the shramana said: ""My dear friend, you do not suffer an injustice, but only receive in your present state of existence the same treatment which you visited upon the jeweller in a former life, and if I am not mistaken in reading the thoughts of your mind, I should say that you would, even to-day, have done the same unto the jeweller if he had been in your place, and if you had had such a strong slave at your command as he has, able to deal with you at his pleasure.""",24
1,eng,"The farmer confessed that if he had had the power, he would have felt little compunction in treating another man who had happened to impede his way as he had been treated by the Brahman, but thinking of the retribution attendant upon unkind deeds, he resolved to be more considerate in the future with his fellow beings.",25
1,eng,"The rice was loaded and both travelled on to Varanasi, when all of a sudden the horse jumped aside.",26
1,eng,"""A snake, a snake!""",27
1,eng,shouted the farmer.,28
1,eng,"But the shramana looked closely at the object at which the horse shuddered, jumped out of the cart and saw that it was a purse full of gold, and the idea struck him: 'No one else but the wealthy jeweller can have lost this purse.""",29
1,eng,"He took the purse and handing it to the farmer said: 'Take this purse and when you come to Varanasi drive up to the inn which I shall point out to you; ask for Pandu, the Brahman, and deliver the purse.",30
1,eng,"He will excuse himself for the rudeness with which he treated you, but tell him that you have forgiven him and wish him success in all his undertakings.",31
1,eng,"For, let me tell you, the more successful he is, the better you will prosper; your fate depends in many respects upon his fate.",32
1,eng,"Should the jeweller demand any explanation, send him to the vildra where he shall find me ready to assist him with advice in case he may feel the need of it.""",33
1,eng,"Pandu in the meantime arrived at Varanasi and met Mallika, his business-friend, a rich banker, ""I am a ruined man,"" said Mallika, ""and can do no business with you, unless I can buy a cart of the best rice for the king's table.",34
1,eng,"There is a rival banker in Varanasi who learning that I had made a contract with the royal treasurer to deliver the rice to-morrow morning, and being desirous to bring about my destruction, has bought up all the rice in Varanasi, the royal treasurer must have received a bribe, for he will not release me from my contract and to-morrow I shall be a ruined man unless Krishna will send an angel from heaven to help me.""",35
1,eng,"While Mallika was still lamenting the poverty to which his rival would reduce him, Pandu missed his purse.",36
1,eng,"Searching his carriage without being able to find it, he suspected his slave Mahaduta; and calling the police accused him of theft, and had him bound and cruelly tortured to extort a confession.",37
1,eng,"The slave in his agonies cried: ""I am innocent, let me go, for I cannot stand this pain; I am quite innocent at least of this crime, and suffer now for other sins.",38
1,eng,"O, that I could beg the farmer's pardon whom, far the sake of my master, I wronged without any cause!",39
1,eng,"This torture, I believe, is a punishment for my rudeness.""",40
1,eng,"While the police officer was still applying the lash to the back of the slave, the farmer arrived at the inn, and, to the great astonishment of all concerned, delivered the purse.",41
1,eng,The slave was at once released from the hands of his torturer.,42
1,eng,"But being dissatisfied with his master, he secretly left and joined a band of robbers in the mountains, who made him their chief on account of his great strength and courage.",43
1,eng,"When Mallika heard that the farmer had the best rice to sell, fit for delivery to the royal table, he bought at once the whole car-load for triple the price that the farmer had ever received, and Pandu, glad at heart to have his money restored, hastened at once to the vihara to receive further explanations from Narada, the shramana.",44
1,eng,"Narada said: ""I might give thee an explanation, but knowing that thou art unable to understand a spiritual truth, I prefer to remain silent.",45
1,eng,"However, I shall give thee some advice: Treat every man whom thou meetest as thy own self; serve him as thou wouldst demand to be served thyself; for thus thou shalt sow a sowing of good deeds, the rich harvest of which thou wilt not fail to reap.""",46
1,eng,"""Give me, O shramana, the explanation,"" said the jeweller, ""and I shall thereby be better able to follow your advice.""",47
1,eng,"The shramana said: 'Listen then, I will give you the key to the mystery.",48
1,eng,"If you do not understand it, have faith in what I say.",49
1,eng,"Self is an illusion, and he whose mind is bent upon following self, follows an ignis fatuus which leads him into the quagmire of sin.",50
1,eng,"The illusion of self is the veil of Maya that blinds your eyes and prevents you from recognising the close relations that obtain between yourself and your fellows, and from tracing the identity of your self in the souls of other beings.",51
1,eng,Ignorance is the source of sin.,52
1,eng,There are few who know the truth.,53
1,eng,Let this motto be your talisman: 'He who hurts others injures himself.,54
1,eng,He who helps others advances his own interests.,55
1,eng,Let the delusion of self disappear from your mind.,56
1,eng,And you will naturally walk in the path of truth.',57
1,eng,"""To him whose vision is dimmed by the veil of Maya, the spiritual world appears to be cut up into innumerable selves.",58
1,eng,"Thus he will be puzzled in many ways concerning the transmigration of soul-life, and will be incapable of understanding the import of an all-comprehensive kindness toward all living beings.""",59
1,eng,"The jeweller replied: 'Your words, O venerable sir, have a deep significance and I shall bear them in mind.",60
1,eng,"I extended a small kindness which caused me no expense whatever to a poor shramana on my way to Varanasi, and lo!",61
1,eng,how propitious has been the result!,62
1,eng,"I am deeply in your debt, for without you I should not only have lost my purse, but would have been prevented from doing business in Varanasi which greatly increased my wealth, while if it had been left undone it might have reduced me to a state of wretched poverty.",63
1,eng,"In addition, your thoughtfulness and the arrival of the farmer's rice-cart preserved the prosperity of my friend Mallika, the banker.",64
1,eng,"If all men saw the truth of your maxims, how much better the world would be, how greatly evils would be lessened, and public welfare enhanced!",65
1,eng,"As I am anxious to let the truth of buddha be understood, I shall found a vihara at my native place, Kaushambi, and invite you to visit me so that I may dedicate the place to the brotherhood of Buddha's disciples.""",66
1,eng,Years passed on and Pandu's vihara at Kaushambi became a place in which wise shramanas used ta stay and it was renowned as a centre of enlightenment for the people of the town.,67
1,eng,"At that time the king of a neighboring country had heard of the beauty of Pandu's jewelry, and he sent his treasurer to order a royal diadem wrought in pure gold and set with the most precious stones of India.",68
1,eng,"When Pandu had finished the work, he started for the residence of the king, and as he expected to transact other profitable business, took with him a great store of gold pieces.",69
1,eng,"The caravan carrying his goods was protected by a strong escort of armed men, but when they reached the mountains they were attacked by a band of robbers lead by Mahaduta, who beat them and took away all the jewelry and the gold, and Pandu escaped with great difficulty.",70
1,eng,"This misfortune was a blow to Pandu's prosperity, and as he suffered some other severe losses, his wealth was much reduced.",71
1,eng,"Pandu was much distressed, but he bore his misfortunes without complaint, thinking to himself: ""I have deserved these losses for the sins committed in my past existence.",72
1,eng,"In my younger years I was very hard on other people; when I now reap the harvest of my evil deeds I have no cause for complaint.""",73
1,eng,"As he had grown in kindliness toward all beings, his misfortunes only served to purify his heart; and his chief regret, when thinking of his reduced means, was that he had become unable to do good and to help his friends in the vihara to spread the truths of religion.",74
1,eng,"Again years passed on and it happened that Panthaka, a young shramana and a disciple of Narada, was travelling through the mountains of Kaushambi, and he fell among the robbers in the mountains.",75
1,eng,"As he had nothing in his possession, the robber-chief beat him severely and let him go.",76
1,eng,"On the next morning Panthaka, while pursuing his way through the woods, heard a noise as of quarrelling and fighting men, and going to the place he saw a number of robbers, all of them in a great rage, and in their midst stood Mahaduta, their chief; and the chief was desperately fighting them, like a lion surrounded by hounds, and he slew several of his aggressors with formidable blows, but there were too many against one!",77
1,eng,"At last he succumbed and fell to the ground as if dead, covered with fatal wounds.",78
1,eng,"As soon as the robbers had left the place the young shramana approached to see whether he could be of any assistance to the wounded men, He found that all the robbers were dead, and there was only a little life left in the chief, He at once went down to the little brooklet which was murmoring near by, fetched fresh water in his bowl and brought it to the dying man.",79
1,eng,"Mahaduta opened his eyes and, gnashing his teeth, said: ""Where are those ungrateful dogs whom I have led to victory and success?",80
1,eng,"Without me as their chief they will soon perish like jackals hunted down by skillful hunters.""",81
1,eng,"""Do not think of your comrades, the companions of your sinful life,"" said Panthaka, ""but think of your soul and accept in the last moment the chance of salvation that is offered you.",82
1,eng,"Here is water to drink, and let me dress your wounds; perhaps I may save your life.""",83
1,eng,"""Alas!",84
1,eng,"alas!""",85
1,eng,"replied Mahaduta, ""are you not the man whom I beat but yesterday and now you come to my assistance, to assuage my pain?",86
1,eng,"You bring me fresh water to quench my thirst, and try to save my life!",87
1,eng,"It is useless, honorable sir, I am a doomed man.",88
1,eng,The churls have wounded me unto death the ungrateful cowards!,89
1,eng,"They have dealt me the blows which I taught them.""",90
1,eng,"""You reap what you have sown;"" continued the shramana, ""had you taught your comrades acts of kindness, you would have received from them acts of kindness, but having taught them the lesson of slaughter, it is but your own deed that you are slain by their hands.""",91
1,eng,"""True, very true,"" said the robber chief, my fate is well deserved; but how sad is my lot, that I must reap the full harvest of all my evil deeds in future existences!",92
1,eng,"Advise me, O holy sir, what I can do to lighten the sins of my life which oppress me like a great rock placed upon my breast, taking away the breath of my lungs.""",93
1,eng,"Said Panthaka: ""Root out your sinful desires; destroy all evil passions, and fill your soul with kindness toward all your fellow beings.""",94
1,eng,"The robber chief said: ""I have done much evil and no good.",95
1,eng,How can I extricate myself from the net of sorrow which I have woven out of the evil desires of my own heart?,96
1,eng,"My Karma will lead me to hell and I shall never be able to walk on the path of salvation.""",97
1,eng,"Said the shramana: ""Indeed your Karma will in its future incarnations reap the seeds of evil that you have sown.",98
1,eng,There is no escape for an evil doer from the consequences of his own actions.,99
1,eng,But there is no cause for despair.,100
1,eng,The man who is converted and has rooted out the illusion of self with all its lusts and sinful desires will be a source of blessing to himself and others.,101
1,eng,As an illustration I will tell you the story of the great robber Kandata who died without repentance and was reborn as a demon in hell where he suffered for his evil deeds the most terrible agonies and pains.,102
1,eng,He had been in hell several kalpas and was unable to rise out of his wretched condition when Buddha appeared upon earth and attained to the blessed state of enlightenment.,103
1,eng,"At that memorable moment a ray of light fell dawn into hell quickening all the demons with fear and hope, and the robber Kandata cried aloud: 'O blessed Buddha, have mercy upon me!",104
1,eng,"I suffer greatly and although I have done evil, I am anxious to walk in the noble path of righteousness.",105
1,eng,But I cannot extricate myself from the net of sorrow.,106
1,eng,"Help me, O Lord; have mercy on me!'",107
1,eng,"Now it is, the law of Karma that evil deeds lead to destruction, for absolute evil is so bad that it cannot exist.",108
1,eng,Absolute evil involves impossibility of existence.,109
1,eng,But good deeds lead to life.,110
1,eng,"Thus there is a final end of every decd that is done, but there is no end in the development of good deeds.",111
1,eng,"The least act of goodness bears fruits containing new seeds of goodness and they continue to grow, they nourish the soul in its weary transmigrations until it reaches the final deliverance from all evil in Nirvana.",112
1,eng,"When Buddha, the Lord, heard the prayer of the demon suffering in hell, he sent down a spider on a cobweb and the spider said: 'Take hold of the web and climb up.'",113
1,eng,"When the spider had again disappeared out of sight, Kandata made great efforts to climb up and he succeeded.",114
1,eng,"The web was so strong that it held, and he ascended higher and higher.",115
1,eng,"Suddenly he felt the thread trembling and shaking, for behind him other fellow sufferers of his were beginning to climb up.",116
1,eng,Kandata became frightened.,117
1,eng,"He saw the thinness of the web, and observed that it was elastic, for under the increased weight it stretched out; yet it still seemed strong enough to carry him.",118
1,eng,"Kandata had heretofore only looked up; he now looked down and saw following close upon his heels, also climbing up on the cobweb a numberless mob of the denizens of hell.",119
1,eng,"How can this thin thread bear the weight of all, he thought to himself, and seized with fear he shouted loudly: 'Let go the cobweb.",120
1,eng,It is mine!',121
1,eng,At once the cobweb broke and Kandata fell back into hell.,122
1,eng,The illusion of self was still upon Kandata.,123
1,eng,He did not know the miraculous power of a sincere longing to rise upwards and enter the noble path of righteousness.,124
1,eng,"It is thin like a cobweb but it will carry millions of people, and the more there are that climb it, the easier will be the efforts of every one of them.",125
1,eng,"But as soon as in a man's heart the idea arises; 'This is mine; let the bliss of righteousness be mine alone and let no one else partake of it,' the thread breaks, and you fall back into your old condition of selfhood, for selfhood is damnation and truth is bliss.",126
1,eng,What is hell?,127
1,eng,"It is nothing but egotism, and Nirvana is a life of righteousness.""",128
1,eng,"""Let me take hold of a spiderweb,"" said the dying robber chief, when the shramana had finished his story, ""and I shall pull myself up out of the depth of hell.""",129
1,eng,Mahaduta lay for a while quiet to collect his thoughts.,130
1,eng,"Then he continued: ""Listen, honorable sir, I will make a confession: I was the servant of Pandu, the jeweller of Kaushambi, but when he unjustly had me tortured I ran away and became a chief of robbers. heard through my spies that he was passing through the mountains I succeeded in robbing him of a great part of his wealth.",131
1,eng,"Will you now go to him and tell him that I have forgiven him from the bottom of my heart the injury which he has unjustly inflicted upon me, and ask him, too, to pardon me for having robbed him.",132
1,eng,"While I stayed with him his heart was as hard as stone, and I learned to imitate the selfishness of his character.",133
1,eng,I have heard that he has become benevolent and is now pointed out as an example of goodness and justice.,134
1,eng,I do not wish to remain in his debt.,135
1,eng,"Therefore inform him that I have kept the gold crown, which he wrought for the king, and all his treasures, and have hidden them in a cave near by.",136
1,eng,"There were only two of the robbers under my command who knew of it, and both are now dead.",137
1,eng,"Let Pandu take a number of armed men and come to the place and take back the property of which I have deprived him.""",138
1,eng,Then Mahaduta described the situation of the cave and died in the arms of Panthaka.,139
1,eng,"As soon as Panthaka, the young shramana, had reached Kaushambi, he went to the jeweller and gave him a full account of his recent adventure in the forest.",140
1,eng,"And Pandu went with an escort of armed men and secured the treasures which the robber-chief had concealed in the cave; and they buried the robber-chief and his slain comrades with all honors, and Panthaka spoke at the grave, discoursing on the words of Buddha: ""By one's self evil is done; by one's self one suffers.",141
1,eng,By one's self evil is left undone; by one's self one is purified.,142
1,eng,Purity and impurity belong to one's self; no one can purify another.,143
1,eng,You yourself must make an effort.,144
1,eng,"The Buddhas are only preachers.""",145
1,eng,"""Our karma,"" the shramana said, ""is not the work of Ishvara, or Brahma, or Indra, or of any one of the gods.",146
1,eng,Our karma is the product of our own actions.,147
1,eng,My action is the womb that bears me; it is the inheritance which devolves upon me ; it is the curse of my misdeeds and the blessing of my righteousness.,148
1,eng,"My action is the resource by which alone I can work out my salvation.""",149
1,eng,"Pandu carried all his treasures back to Kaushambi, and, using with discretion the wealth thus unexpectedly regained, he became richer and more powerful than he had ever been before, and when he was dying at an advanced age he had all his sons and daughters and grandchildren gathered round him and said unto them : "" My dear children, do not blame others for your lack of success.",150
1,eng,Seek the cause of your ills in yourself.,151
1,eng,"Unless you are blinded by vanity you will find it, and having found it you will see the way out of it.",152
1,eng,"The remedy of your ills, too, lies in yourself.",153
1,eng,"Let never your mental eye be covered by the veil of Maya, and remember the words which have proved a talisman in my life: ""He who hurts others injures himself.",154
1,eng,He who helps others advances his own interests.,155
1,eng,Let the illusion of self disappear.,156
1,eng,"And you will naturally walk in the path of truth.""",157
2,rus,"Панду, богатый ювелир браминской касты, ехал с своим слугой в Бенарес.",1
2,rus,"Догнав по пути монаха почтенного вида, который шел по тому же направлению, он подумал сам с собой: «Этот монах имеет благородный и святой вид.",2
2,rus,"Общение с добрыми людьми приносит счастье; если он также идет в Бенарес, я приглашу его ехать со мной в моей колеснице».",3
2,rus,"И, поклонившись монаху, он спросил его, куда он идет, и, узнав, что монах, имя которого было Нарада, идет также в Бенарес, он пригласил его в свою колесницу.  — Благодарю вас за вашу доброту, — сказал монах брамину, — я действительно измучен продолжительным путешествием.",4
2,rus,"Не имея собственности, я не могу вознаградить вас деньгами, но может случиться, что я буду в состоянии воздать вам каким-либо духовным сокровищем из богатства знания, которое я приобрел, следуя учению Сакия Муни, блаженного великого Будды, учителя человечества.",5
2,rus,"Они поехали вместе в колеснице, и Панду дорогою слушал с удовольствием поучительные речи Нарада.",6
2,rus,"Проехав один час, они подъехали к месту, где дорога была размыта с обеих сторон и телега земледельца с сломанным колесом загораживала путь.",7
2,rus,"Девала, владетель телеги, ехал в Бенарес, чтобы продать свой рис, и торопился поспеть до зари следующего утра.",8
2,rus,"Если бы он опоздал днем, покупатели риса могли уже уехать из города, скупив нужное им количество риса.",9
2,rus,"Когда ювелир увидал, что он не может продолжать путь, если телега земледельца не будет сдвинута, он рассердился и приказал Магадуте, рабу своему, сдвинуть телегу в сторону, так, чтобы колесница могла проехать.",10
2,rus,"Земледелец противился, потому что воз его лежал так близко к обрыву, что мог рассыпаться, если его тронуть, но брамин не хотел слушать земледельца и приказал своему слуге сбросить воз с рисом.",11
2,rus,"Магадута, необыкновенно сильный человек, находивший удовольствие в оскорблении людей, повиновался, прежде чем монах мог вступиться, и сбросил воз.",12
2,rus,"Когда Панду проехал и хотел продолжать свой путь, монах выскочил из его колесницы и сказал:  — Извините меня, господин, за то, что я покидаю вас.",13
2,rus,"Бла-' годарю вас за то, что вы по своей доброте позволили мне проехать один час в вашей колеснице.",14
2,rus,"Я был измучен, когда вы посадили меня, но теперь благодаря вашей любезности я отдохнул.",15
2,rus,"Признав же в этом земледельце воплощение одного из ваших предков, я не могу ничем лучше вознаградить вас за вашу доброту, как тем, чтобы помочь ему в его несчастье.",16
2,rus,"Брамин взглянул с удивлением на монаха.  — Вы говорите, что этот земледелец есть воплощение одного из моих предков; этого не может быть.  —Я знаю, — отвечал монах, — что вам неизвестны те сложные и значительные связи, которые соединяют вас с судьбою этого земледельца.",17
2,rus,"Но от слепого нельзя ожидать того, чтобы он видел, и потому я сожалею о том, что вы вредите сами себе, и постараюсь защитить вас от тех ран, которые вы собираетесь нанести себе.",18
2,rus,"Богатый купец не привык к тому, чтобы его укоряли; чувствуя же, что слова монаха, хотя и сказанные с большой добротой, содержали в себе язвительный упрек, он приказал слуге своему тотчас же ехать далее.",19
2,rus,"Монах поздоровался с Девалой земледельцем и стал помогать ему в починке его телеги и в том, чтобы подобрать рассыпавшийся рис.",20
2,rus,"Дело шло быстро, и Девала подумал:  «Этот монах, должно быть, святой человек, — ему как будто помогают невидимые духи.",21
2,rus,"Спрошу его, чем я заслужил жестокое со мной обращение гордого брамина».",22
2,rus,И он сказал:  . —Почтенный господин!,23
2,rus,"не можете ли вы сказать мне, за что я потерпел несправедливость от человека, которому я никогда не сделал ничего худого?",24
2,rus,"Монах сказал:  —Любезный друг, вы не потерпели несправедливости, но только потерпели в теперешнем существовании то, что вы совершили над этим брамином в прежней жизни.",25
2,rus,"И я не ошибусь, сказавши, что даже и теперь вы бы сделали над брамином то же самое, что он сделал с вами, если бы были на его месте и имели такого же сильного слугу.",26
2,rus,"Земледелец признался, что если бы он имел власть, то не раскаялся бы, поступив с другим человеком, загородившим ему дорогу, так же, как брамин поступил с ним.",27
2,rus,"Рис был убран в воз, и монах с земледельцем приближались уже к Бенаресу, когда лошадь вдруг шарахнулась в сторону.  —Змея, змея! — воскликнул земледелец.",28
2,rus,"Но монах, пристально взглянув на предмет, испугавший лошадь, соскочил с телеги и увидал, что это был кошелек, полный золота.",29
2,rus,"«Никто, кроме богатого ювелира, не мог потерять этот кошелек», — подумал он и, взяв кошелек, подал его земледельцу, сказав: —Возьмите этот кошелек и, когда будете в Бенаресе, подъезжайте к гостинице, которую я укажу вам, спросите брамина Панду и отдайте кошелек.",30
2,rus,"Он будет извиняться перед вами за грубость своего поступка, но вы скажите ему, что вы простили его и желаете ему успеха во всех его предприятиях, потому что, верьте мне, чем больше будут его успехи, тем лучше это будет для вас.",31
2,rus,Ваша судьба во многом зависит от его судьбы.,32
2,rus,"Если бы Панду спросил у вас объяснений, то пошлите его в монастырь, где он всегда найдет меня в готовности помочь ему советом, если совет нужен ему.",33
2,rus,"Панду между тем приехал в Бенарес и встретил Малмеку, своего торгового приятеля, богатого банкира.  — Я погиб, — сказал Малмека, — и не могу делать никаких 20 дел, если нынче же не куплю воз лучшего риса для царской кухни.",34
2,rus,"Есть в Бенаресе мой враг банкир, который, узнав то,, что я сделал условие с царским дворецким о том, что я доставлю ему сегодня утром воз риса, желая погубить меня, скупил весь, рис в Бенаресе.",35
2,rus,"Царский дворецкий не освободит меня от условия, и завтра я пропал, если Кришна не пошлет мне ангела с неба.",36
2,rus,"В то время как Малмека жаловался на свое несчастье, Панду хватился своего кошелька.",37
2,rus,"Обыскав свою колесницу и не найдя его, он заподозрил своего раба Магадуту и призвал полицейских, обвинил его и, велев привязать его, жестоко мучил, чтобы вынудить от него признание.",38
2,rus,"Раб кричал, страдая:  — Я невиновен, отпустите меня!",39
2,rus,Я не могу переносить этих мук!,40
2,rus,Я совершенно невинен в этом преступлении и страдаю теперь за грехи других!,41
2,rus,"О, если бы я мог выпросить прощение у того земледельца, которому я сделал зло ради моего хозяина!",42
2,rus,"Мучения эти, верно, служат наказанием за мою жестокость.",43
2,rus,"В то время как полицейские еще продолжали бить раба, земледелец подъехал к гостинице и к великому удивлению всех подал кошелек.",44
2,rus,"Раба тотчас же освободили из рук его мучилтелей, но, будучи недоволен своим хозяином, он убежал от него и присоединился к шайке разбойников, живших в горах.",45
2,rus,"Когда же Малмека услыхал, что земледелец может продать самого лучшего рису, годного для царского стола, он тотчас же купил весь воз за тройную цену, а Панду, радуясь в сердце своем возвращению денег, тотчас же поспешил в монастырь, чтобы получить от монаха те объяснения, которые он обещал ему.",46
2,rus,"Нарада сказал: — Я бы мог дать вам объяснение, но, зная, что вы неспособны понять духовную истину, я предпочитаю молчание.",47
2,rus,"Однако я дам вам общий совет: обращайтесь с каждым человеком, которого вы встретите, так же, как с самим собой, служите ему так же, как вы желали бы, чтобы вам служили.",48
2,rus,"Таким образом вы посеете семя добрых дел, и богатая жатва их не минует вас.  — О, монах!",49
2,rus,"дайте мне объяснение, — сказал Панду, — и мне легче будет тогда следовать вашему совету.",50
2,rus,"И монах сказал:  — Слушайте же, я дам вам ключ к тайне: если вы и не поймете ее, верьте тому, что я скажу вам.",51
2,rus,"Считать себя отдельным существом есть обман, и тот, кто направляет свой ум на то, чтобы исполнять волю этого отдельного существа, следует за ложным светом, который приведет его в бездну греха.",52
2,rus,"То, что мы считаем себя отдельными существами, происходит оттого, что покрывало Майи ослепляет наши глаза и мешает нам видеть неразрывную связь с нашими ближними, мешает нам проследить наше единство с душами других существ.",53
2,rus,Немногие знают эту истину.,54
2,rus,"Пусть следующие слова будут вашим талисманом:  «Тот, кто вредит другим, делает зло себе.",55
2,rus,"Тот, кто помогает другим, делает добро себе.",56
2,rus,Перестаньте считать себя отдельным существом — и вы вступите на путь истины.,57
2,rus,"Для того, чье зрение омрачено покрывалом Майи, весь мир кажется разрезанным на бесчисленные личности.",58
2,rus,"И такой человек не может понимать значения всеобъемлющей любви ко всему живому»  Панду отвечал:  — Ваши слова, почтенный господин, имеют глубокое значение, и я запомню их.",59
2,rus,"Я сделал небольшое добро, которое мне ничего не стоило, для бедного монаха во время моей поездки в Бенарес, и вот как благодетельны оказались его последствия.",60
2,rus,"Я много обязан вам, потому что без вас я не только потерял бы •свой кошелек, но не мог бы делать в Бенаресе тех торговых дел, которые значительно увеличили мое состояние.",61
2,rus,"Кроме того, ваша заботливость и прибытие воза риса содействовали благосостоянию моего друга Малмеки.",62
2,rus,"Если бы все люди познали истину ваших правил, насколько лучше бы был наш мир, как уменьшилось бы зло в нем и возвысилось общее благосостояние!",63
2,rus,"Я желал бы, чтобы истина Будды была понята всеми, и потому я хочу основать монастырь в моей родине Колшамби и приглашаю вас посетить меня с тем, чтобы я мог посвятить это место для братства учеников Будды.",64
2,rus,"Прошли годы, и основанный Панду монастырь Колшамби сделался местом собрания мудрых монахов и стал известным как центр просвещения для народа.",65
2,rus,"В это время соседний царь, услыхав о красоте драгоценных украшений, приготовляемых Панду, послал к нему своего казначея, чтобы заказать корону чистого золота, украшенную самыми драгоценными камнями Индии.",66
2,rus,"Kогда Панду окончил эту работу, он поехал в столицу царя и, надеясь делать там торговые дела, взял с собой большой запас золота.",67
2,rus,"Караван, везший его драгоценности, был охраняем вооруженными людьми, но когда он достиг гор, то разбойники, с Магадутой, ставшим атаманом их, во главе, напади на него, побили охрану и захватили все драгоценные камни и золото.",68
2,rus,Сам Панду едва спасся.,69
2,rus,Это несчастие было большим ударом для благосостояния Панду: богатство его значительно уменьшилось.,70
2,rus,"Панду был очень огорчен, но переносил свои несчастия без ропота; он думал: «Я заслужил эти потери грехами, совершенными мною в моей прежней жизни.",71
2,rus,"Я в молодости был жесток с народом; и если я теперь пожинаю плоды своих дурных дел, то мне нельзя жаловаться».",72
2,rus,"Так как он стал много добрее ко всем существам, то несчастья его послужили только к очищению его сердца.",73
2,rus,"Опять прошли годы, и случилось, что Пантака, молодой монах и ученик Нарады, путешествуя в горах Колшамби, попал в руки разбойников.",74
2,rus,"Так как у него не было никакой собственности, атаман разбойников крепко избил его и отпустил.",75
2,rus,"На следующее утро Пантака, идя через лес, услыхал шум битвы и, придя на этот шум, увидал много разбойников, которые с бешенством нападали на своего атамана Магадуту.",76
2,rus,"Магадута, как лев, окруженный собаками, отбивался от них и убил многих из нападавших.",77
2,rus,"Но врагов его было слишком много, и под конец он был побежден и упал на землю замертво, покрытый ранами.",78
2,rus,"Как только разбойники ушли, молодой монах подошел к лежавшим, желая подать помощь раненым.",79
2,rus,"Но все разбойники ы были уже мертвы, только в начальнике их оставалось немного жизни.",80
2,rus,"Монах тотчас же направился к ручейку, бежавшему невдалеке, принес свежей воды в своем кувшине и подал умирающему.",81
2,rus,"Магадута открыл глаза и, скрипя зубами, сказал:  — Где эти неблагодарные собаки, которых я столько раз водил к победе и успеху?",82
2,rus,"Без меня они скоро погибнут, как затравленные охотником шакалы.  — Не думайте о ваших товарищах и участниках вашей грешной жизни, — сказал Пантака, — но подумайте о вашей душе п и воспользуйтесь в последний час той возможностью спасенья, которая представляется вам.",83
2,rus,"Вот вам вода для питья, дайте я перевяжу ваши раны.",84
2,rus,"Может быть, мне и удастся спасти вашу жизнь.  — Это бесполезно, — отвечал Магадута, — я приговорен; негодяи смертельно ранили меня.",85
2,rus,Неблагодарные подлецы!,86
2,rus,"Они били меня теми ударами, которым я научил их.  — Вы пожинаете то, что посеяли, — продолжал монах. — Если бы вы учили своих товарищей делам добра, вы бы и получили от них добрые поступки.",87
2,rus,"Но вы учили их убийству, и зо потому вы через свои дела убиты их рукою.  — Ваша правда, — отвечал атаман разбойников: — я заслужил свою участь, но как тяжел мой жребий тем, что я должен пожать плод всех моих дурных дел в будущих существованиях.",88
2,rus,"Научите меня, святой отец, что я могу сделать, чтобы облегчить мою жизнь от грехов, которые давят меня, как скала, наваленная мне на грудь.",89
2,rus,"И Пантака сказал:  — Искорените ваши грешные желания, уничтожьте злые страсти и наполните свою душу добротою ко всем существам.",90
2,rus,Атаман сказал:  — Я делал много зла и не делал добра.,91
2,rus,"Как могу я выпутаться из той сети горя, которую я связал из злых желаний моего сердца?",92
2,rus,"Моя карма повлечет меня в ад, я никогда не буду в состоянии вступить на путь спасения.",93
2,rus,"И монах сказал:  —Да, ваша карма пожнет в будущих воплощениях плоды тех семян, которые вы посеяли.",94
2,rus,Для делателя дурных дел нет избавления от последствий своих дурных поступков.,95
2,rus,"Но не отчаивайтесь: всякий человек может спастись, но только с тем условием, чтобы он искоренил из себя заблуждение личности.",96
2,rus,"Как пример этого, я расскажу вам историю великого разбойника Кандаты, который умер нераскаянным и вновь родился дьяволом в аду, где он мучился за свои дурные дела самыми ужасными страданиями.",97
2,rus,"Он был уже в аду много лет и не мог избавиться от своего бедственного положения, когда Будда явился на земле и достиг блаженного состояния просветления.",98
2,rus,"В это достопамятное время луч света попал и в ад, возбудив во всех демонах жизнь и надежду, и разбойник Кандата громко закричал: «О, Будда блаженный, сжалься надомной!",99
2,rus,"Я страшно страдаю; и хотя я делал зло, я желаю теперь идти по пути праведности.",100
2,rus,"Но я не могу выпутаться из сети горя; помоги мне, господи, сжалься надо мной!»",101
2,rus,"Закон кармы таков, что злые дела ведут к погибели.",102
2,rus,"Когда Будда услышал просьбу страдающего в аду демона, он послал к нему паука на паутине, и паук сказал: «Схватись за мою паутину и вылезай по ней из ада».",103
2,rus,"Когда паук исчез из вида, Кандата схватился за паутину и стал вылезать по ней.",104
2,rus,"Паутина была так крепка, что не обрывалась, и он поднимался по ней всё выше и выше.",105
2,rus,"Вдруг он почувствовал, что нить стала дрожать и колебаться, потому что за ним начинали лезть по паутине и другие страдальцы.",106
2,rus,"Кандата испугался; он видел тонкость паутины и видел, что она растягивается от увеличившейся тяжести.",107
2,rus,Но паутина всё еще держала его.,108
2,rus,"Кандата перед этим смотрел только вверх, теперь же он посмотрел вниз и увидел, что за ним лезла по паутине бесчисленная толпа жителей ада.",109
2,rus,"«Как может эта тонкая нить вынести тяжесть всех этих людей», — подумал он и, испугавшись, громко закричал: «Пустите паутину, она моя!»",110
2,rus,"И вдруг паутина оборвалась, и Кандата упал назад в ад.",111
2,rus,Заблуждение личности еще жило в Кандате.,112
2,rus,"Он не знал чудесной силы искреннего стремления вверх для того, чтобы вступить на путь праведности.",113
2,rus,"Стремление это тонко, как паутина, но оно поднимет миллионы людей, и чем больше будет людей лезть по паутине, тем легче будет каждому из них.",114
2,rus,"Но как только в сердце человека возникнет мысль, что паутина эта моя, что благо праведности принадлежит мне одному и что пусть никто не разделяет его со мной, то нить обрывается, и ты падаешь назад в прежнее состояние отдельной личности; отдельность же личности есть проклятие, а единение есть благословение.",115
2,rus,Что такое ад?,116
2,rus,"Ад есть не что иное, как себялюбие, а нирвана есть жизнь общая...  — Дайте же мне ухватиться за паутину, — сказал умирающий атаман разбойников Магадута, когда монах кончил свой рассказ, — и я выберусь из пучины ада.",117
2,rus,"Магадута пробыл несколько минут в молчании, собираясь с мыслями, потом он продолжал:  — Выслушайте меня, я признаюсь вам.",118
2,rus,"Я был слугою у Панду, ювелира из Колшамби.",119
2,rus,"Но после того, как он несправедливо истязал меня, я убежал от него и стал атаманом разбойников.",120
2,rus,"Несколько времени тому назад я узнал от моих разведчиков, что он проезжает через горы, и я ограбил его, отнял у него большую часть его состояния.",121
2,rus,"Подите теперь к нему и скажите ему, что я простил его от всего сердца за оскорбление, которое он несправедливо нанес мне, и прошу его простить меня за то, что я ограбил его.",122
2,rus,"Когда я жил с ним, сердце его было жестоко как камень, и я научился от него его себялюбию.",123
2,rus,"Я слышал, что он теперь стал добродушен и что на него указывают, как на образец доброты и справедливости.",124
2,rus,"Я не хочу оставаться в долгу у него; поэтому скажите ему, что я сохранил золотую корону, которую он сделал для царя, и все его сокровища и спрятал их в подземелье.",125
2,rus,"Только два разбойника знали это место, и теперь они оба мертвые; пусть Панду возьмет с собою вооруженных людей и придет к этому месту и возьмет назад ту собственность, которой я лишил его.",126
2,rus,"После этого Магадута рассказал, где было подземелье, и умер на руках Пантаки.",127
2,rus,"Как скоро молодой монах Пантака вернулся в Колшамби, он пошел к ювелиру и рассказал ему обо всем, что случилось в лесу.",128
2,rus,"И Панду пошел с вооруженными людьми к подземелью и взял из него все сокровища, которые атаман спрятал в нем.",129
2,rus,"И они с почестью похоронили атамана и его убитых товарищей, и Пантака над могилой, рассуждая о словах Будды, сказал следующее:  «Личность делает зло, личность же и страдает от него.",130
2,rus,"Личность воздерживается от зла, и личность очищается.",131
2,rus,Чистота и нечистота принадлежат личности: никто не может очистить другого.,132
2,rus,Человек сам должен сделать усилие; Будды только проповедники».,133
2,rus,"«Наша карма, — сказал еще монах Пантака, — не есть произведение Шивары, или Брамы, или Индры, или какого-нибудь из богов, — наша карма есть последствие наших поступков.",134
2,rus,"Моя деятельность есть утроба, которая носит меня, есть наследство, которое достается мне, есть проклятие моих злых дел и благословение моей праведности.",135
2,rus,Моя деятельность есть единственное средство моего спасения».,136
2,rus,"Панду привез назад в Колшамби все свои сокровища, и, с умеренностью пользуясь своим столь неожиданно возвращенным богатством, он спокойно и счастливо прожил свою остальную жизнь, и когда он умирал, уже в преклонных летах, и все его сыновья, дочери и внуки собрались около него, он сказал им:  — Милые дети, не осуждайте других в своих неудачах.",137
2,rus,Ищите причины ваших бед в самих себе.,138
2,rus,"И если вы не ослеплены тщеславием, вы найдете ее, а найдя ее, вы сумеете избавиться от зла.",139
2,rus,Лекарство от ваших бед в вас самих.,140
2,rus,Пусть ваш умственный взор никогда не покрывается покровом Майи...,141
2,rus,"Помните те слова, которые были талисманом моей жизни:  «Тот, кто делает больно другому, делает зло себе.",142
2,rus,"Тот, кто помогает другому, помогает себе.",143
2,rus,Пусть исчезнет обман личности — и вы вступите на путь праведности».,144
3,fre,"Pandou, un riche joaillier de la caste brahmanique se rendait, accompagné de son domestique, à Bénarès.",1
3,fre,"Ayant rencontré sur la route un moine à l'aspect vénérable qui marchait dans la même direction, il le pria de prendre place à côté de lui. — Je vous remercie pour votre bonté, dit le moine, car je suis bien fatigué.",2
3,fre,"Cependant, comme je ne possède rien et ne puis vous payer rien en retour, je vous offrirai, en cas de besoin, quelques trésors spirituels que j'ai acquis en suivant la doctrine de Çakya-Mouni, le bienheureux Bouddha, grand-maître de l'humanité!",3
3,fre,"Ils firent donc route ensemble, et Pandou écoutait avec plaisir les sages paroles de Narada.",4
3,fre,"Une heure après, arrivés à l'endroit où le chemin était inondé des deux côtés, ils aperçurent une charrette de pavsan qui, avec une roue brisée, gisait sur le flanc et obstruait la voie.",5
3,fre,"Devala, le propriétaire de la charrette, allait à Bénarès pour y vendre son riz et il s'était pressé pour y arriver avant l’aube.",6
3,fre,"S’il arrivait un jour en retard, les acheteurs, s'étant déjà approvisionnés, pourraient être partis.",7
3,fre,"Le joaillier voyant qu'il ne pouvait poursuivre son voyage si l'obstacle n'était pas enlevé, se fâcha et donna l’ordre à son esclave, Madagouta, de déplacer la charrette.",8
3,fre,Le paysan s’y opposait parce que sa voiture était si prés du fossé qu'en la touchant on pouvait l'y précipiter.,9
3,fre,Mais le brahmine ne voulut rien entendre et ordonna à Madagouta d’exécuter ses ordres.,10
3,fre,"Ce dernier, d'une force herculéenne et qui trouvait du plaisir à molester les faibles, jeta la charrette dans le fossé avant que le moine eût le temps d’intervenir.",11
3,fre,"Lorsque Pandou passa et voulut continuer la route, le moine descendit vivement de la voiture et lui dit : — Pardonnez-moi. monsieur, de vous quitter : je vous remercie d'avoir été assez bon pour permettre de voyager pendant une heure dans votre voiture.",12
3,fre,"J'étais très fatigué, mais à présent, grâce à votre amabilité, je suis reposé.",13
3,fre,"D'ailleurs, ayant reconnu dans ce paysan l’incarnation d’un de vos aïeux, je ne puis mieux vous récompenser pour votre bonté qu'en le secourant dans son malheur.",14
3,fre,Le brahmine regarda avec étonnement le moine. — Vous dites que ce paysan est l'incarnation d'un de mes aïeux?,15
3,fre,"C'est impossible! — Vous ignorez, dit le moine, les liens nombreux qui nous unissent à la destinée de ce paysan.",16
3,fre,"Ou ne peut pas demander, il est vrai, à un aveugle de voir.",17
3,fre,"Aussi je vous plains seulement parce que vous vous nuisez à vous-même, et je tâcherai de tous défendre contre les blessures que vous voulez vous porter.",18
3,fre,"Malgré la grande bonté avec laquelle le moine parlait, le riche négociant ressentit le reproche et comme il n’y était pas habitué, il ordonna au cocher de continuer la route sans s'arrêter.",19
3,fre,"Le moine s'approcha de Devala, le salua, et se mit eu devoir de l'aider à réparer la charrette et de ramasser le riz.",20
3,fre,"Le travail avançait si rapidement que Devala ne put s’empêcher de penser : « Ce moine doit être un saint, on dirait que des esprits invisibles l'assistent.",21
3,fre,"Si je lui demandais pourquoi l'orgueilleux brahmine m'a traité d’une façon si rude.» — Mon bon monsieur, fit-il ; ne pourriez-vous pas me dire pourquoi j'ai subi une pareille injustice de la part d'un homme auquel je n'ai jamais fait de mal? —Cher ami, répondit le moine, vous n'avez subi aucune injustice ; il vous a été seulement rendu, dans votre existence présente, ce que vous avez commis sur ce brahmine, dans la vie passée.",22
3,fre,Et je ne me tromperai pas en disant que meme aujourd'hui vous feriez au brahmine ce qu’il vous a fait si vous étiez à sa place et si vous aviez un esclave aussi fort.,23
3,fre,"Le riz fut bientôt ramassé, puis placé dans la charrette et le moine et le paysan s'en allèrent à Bénarès.",24
3,fre,Ils n’étaient plus loin de la ville lorsque le cheval se jeta tout à coup de côté. — Un serpent !,25
3,fre,un serpent!,26
3,fre,s'écria le paysan.,27
3,fre,"Le moine regarda attentivement l’objet qui avait effrayé le cheval, descendit de la charrette et ramassa une bourse pleine d’or.",28
3,fre,"«Cette bourse n’a pu être perdue que par le riche joaillier », pensa-t-il, et il remit la bourse au paysan en disant: — Prenez cette bourse, et lorsque vous serez à Bénarès, allez à l'hôtel que je vous indiquerai, demandez le brahmine Pandou et rendez-lui son argent.",29
3,fre,"Il s'excusera de l'action grossière qu'il a commise vis-à-vis de vous, mais vous lui direz que vous lui avez pardonné, et que vous lui souhaitez réussite dans toutes ses entreprises, car croyez-moi, plus grands seront ses succès, mieux cela vaudra pour vous.",30
3,fre,"Votre destinée dépend sous bien des rapports, de la sienne.",31
3,fre,"Cependant Pandou était arrivé à Bénarès et rencontra le riche banquier Malmek, avec lequel il était en relations d’affaires. — Je suis perdu, lui dit Malmek. si je n'achète pas aujourd’hui même une charrette du meilleur riz pour la cuisine royale.",32
3,fre,"Il y a à Bénarès un banquier, mon ennemi acharné, qui ayant appris que j'ai traité avec le majordome royal pour lui livrer ce matin même une charrette de riz, a acheté tout ce qui se trouvait de cette marchandise.",33
3,fre,Le majordome ne m'affranchira pas de mon engagement et je suis perdu si Krichna n’envoie pas du ciel un ange à mon aide.,34
3,fre,"Pendant que Malmek racontait son malheur, Pandou s'aperçut qu’il avait perdu sa bourse.",35
3,fre,"Après avoir bien cherché dans la voilure et n‘ayant rien trouvé, il crut que son esclave, Madagouta, l'avait prise.",36
3,fre,Il appela les gens de la police et leur dit que son esclave l’avait volé.,37
3,fre,"Puis, sur ses ordres, Madagouta fut attaché et torturé afin de lui arracher l'aveu du vol. — Je ne suis pas coupable, laissez-moi!",38
3,fre,"criait le pauvre esclave, je ne puis supporter ces tortures!",39
3,fre,"Je suis innocent, et je souffre pour les crimes des autres!",40
3,fre,Oh!,41
3,fre,si je pouvais obtenir le pardon du paysan auquel j'ai fait du mal pour faire plaisir a mon maitre!,42
3,fre,C'est bien la punition de ma cruauté.,43
3,fre,"Les gens de police continuaient à trapper l'esclave, lorsque Devala s'approcha de l'hôtel et, au grand étonnement de tous, tendit à Pandou sa bourse.",44
3,fre,"L'esclave fut aussitôt délivré des mains de ses bourreaux, mais, fâché contre son maitre, il s’enfuit dans les montagnes et se joignit à une bande de brigands.",45
3,fre,"Malmek, apprenant à son tour que le paysan pouvait lui vendre du riz, et de la meilleure qualité, s'empressa de lui acheter toute la charrette et lui paya un prix triple : et Pandou, content d'avoir retrouvé son argent, s’empressa d'aller au couvent pour demander au moine les explications qu'il lui avait promises.",46
3,fre,"Marado lui dit : — J'aurais pu vous donner l'explication que vous désirez : mais sachant que vous êtes incapable de comprendre la vérité, je préfère ne rien vous dire, sauf à vous donner un conseil : traitez tout homme que vous rencontrez comme vous vous traitez vous-même : servez-le comme vous voudriez qu’on vous serve.",47
3,fre,Ainsi vous sèmerez la semence des bonnes actions et la moisson vous profitera aussi. — O moine !,48
3,fre,"donnez-moi l’explication, dit Pandou. et il me sera alors plus facile de suivre votre conseil. — Eh bien, écoutez!",49
3,fre,"répondit le moine, je vous donnerai la clé du mystère : si même vous ne le pénétrez pas, croyez à ce que je vous dis.",50
3,fre,"Se considérer comme un être isolé est une illusion, et celui qui dirige toutes ses pensées pour accomplir la volonté de cet être isolé, suit une voie fausse qui le conduira dans l'abîme du péché.",51
3,fre,"Si nous nous considérons comme des êtres isolés, c'est parce que le voile de Maya aveugle nos yeux et nous empêche de voir les liens indissolubles avec nos proches, et nous empêche de trouver notre communion avec les âmes des autres êtres.",52
3,fre,Peu d'hommes connaissent cette vérité.,53
3,fre,"Que les paroles suivantes soient votre talisman: «Celui qui nuit aux autres, fait du mal à soi-mème.",54
3,fre,"«Celui qui aide aux autres, fait du bien à soi-même.",55
3,fre,«Cessez de vous considérer comme un être isolé et vous marcherez dans la voie de la vérité.,56
3,fre,"» Pour celui dont la vue est obscurcie par le voile de Maya, le monde semble divisé en individualités innombrables.",57
3,fre,Et un pareil homme ne peut pas comprendre la portée de l'amour universel pour tout être vivant.,58
3,fre,Pandou répondit: — Vos paroles ont une profonde signification et je m’en souviendrai.,59
3,fre,"J’ai fait un petit bien, qui ne m'a rien coûté, à un pauvre moine pendant mon voyage à Bénarès, et voici quelles conséquences heureuses j'en retire.",60
3,fre,"Je vous dois beaucoup, car, sans vous, non seulement j'aurais perdu ma bourse, mais encore il m'aurait été impossible de négocier, à Bénarès, les affaires qui ont notablement accru ma fortune.",61
3,fre,"De plus, grâce à vous, la charrette de riz est arrivée à temps pour sauver mon ami Malmek.",62
3,fre,"Si tous les hommes pénétraient la vérité de vos préceptes, combien notre monde deviendrait meilleur, combien le mal y aurait diminué et le bonheur universel augmenté!",63
3,fre,"Je voudrais que la vérité de Bouddha soit comprise de tous ; c’est pourquoi je veux fonder un couvent dans mon pays, Kolshambi, et je vous prie de m’aider à fonder une retraite pour les frères, disciples de Bouddha.",64
3,fre,Des années se sont passées.,65
3,fre,Le couvent de Kolshambi fondé par Pandou est devenu le lieu de réunion des sages et le centre célèbre de 1a science.,66
3,fre,"Un jour, le roi d’un pays voisin, ayant entendu parler de la perfection des joyaux fabriqués par Pandou, lui envoya son trésorier pour lui commander une couronne d'or massif enrichie des pierres les plus précieuses de l'Inde.",67
3,fre,"Lorsque Pandou eut achevé ce travail, il se rendit dans la capitale de ce roi et, dans l'espoir d'y traiter de nouvelles affaires, il se munit d'une grande quantité d'or.",68
3,fre,La caravane qui portait ces richesses était accompagnée d’hommes armés.,69
3,fre,"Cependant, lorsqu’elle fut arrivée dans une région montagneuse, une bande de brigands, ayant à sa tête Madagouta, devenu son chef, l'attaqua, massacra l'escorte et s'empara des trésors.",70
3,fre,Pandou lui-même n'échappa qu'à grand’peine.,71
3,fre,Cette perte fit une énorme brèche dans 1a fortune du joaillier.,72
3,fre,"Il en fut très affecté, mais il supporta son malheur avec résignation.",73
3,fre,"« J‘ai mérité cette épreuve, pensait-il, par les péchés de ma vie passée.",74
3,fre,"Dans ma jeunesse j'étais dur pour les gens, et je ne dois pas me plaindre de récolter aujourd’hui le fruit de mes mauvaises actions.",75
3,fre,"» Comme il était devenu beaucoup plus bienveillant pour tous les êtres, ses malheurs ne firent que purifier son cœur.",76
3,fre,"De nouvelles années s’écoulèrent et il arriva que Pantaka, un jeune moine disciple de Narada, qui voyageait dans les montagnes de Kolshambi, tomba entre les mains des brigands.",77
3,fre,"Comme il ne possédait rien, le chef des brigands le relâcha après l'avoir fait battre.",78
3,fre,"Le lendemain matin, Pantaka en traversant la forêt entendit le bruit d'une lutte.",79
3,fre,Il se dirigea vers les combattants et vit un grand nombre de brigands attaquant avec rage leur chef Madagouta.,80
3,fre,"Comme un lion entouré de chiens, celui-ci leur tenait tête et en avait déjà tué plusieurs.",81
3,fre,Mais ils étaient trop nombreux et finalement Madagouta fut vaincu et tomba couvert de blessures.,82
3,fre,"Aussitôt que les brigands furent partis, le jeune moine s'approcha des blessés pour leur porter aide.",83
3,fre,Mais tous étaient déjà morts; seul Madagouta donnait encore quelques signes de vie.,84
3,fre,"Le moine courut alors à un petit ruisseau qui coulait non loin de là, prit de l'eau fraiche dans sa cruche et la porta au mourant.",85
3,fre,Madagouta ouvrit les yeux et dit avec un grincement de dents: Où sont ces chiens ingrats que j'ai conduits tant de fois à la curée?,86
3,fre,"Sans moi, ils seront bientôt perdus comme des chacals traqués par des chasseurs. —Ne pensez plus à vos compagnons, aux complices de votre vie criminelle, dit Pantaka.",87
3,fre,"Pensez plutôt à votre dernière heure, au salut de votre âme.",88
3,fre,Buvez cette eau et laissez-moi panser vos blessures.,89
3,fre,"Peut-être pourrai-je encore vous sauver de la mort. — C'est inutile, répondit Madagouta, je suis perdu, les misérables m’ont blessé à mort.",90
3,fre,Ah!,91
3,fre,les lâches!,92
3,fre,Ah!,93
3,fre,les ingrats!,94
3,fre,"Ils m'ont porté les coups que je leur ai moi-même appris. — Vous récoltez ce que vous avez semé. — Si vous aviez enseigné le bien à vos compagnons, c'est du bien que vous en auriez reçu.",95
3,fre,"Vous leur avez appris le meurtre, c'est pourquoi vous vous êtes tué vous-même par leurs mains. — Vous avez raison, répondit le chef des brigands; j'ai mérité mon sort, mais qu'il doit être horrible s'il me faut récolter, dans ma vie future, le fruit de toutes mes mauvaises actions!",96
3,fre,"Apprenez-moi done, saint homme, ce que je puis faire pour alléger le poids des péchés qui oppresse ma poitrine comme un rocher. — Arrachez de votre cœur vos désirs de vengeance; étouffez vos mauvaises passions et emplissez votre âme d'amour pour tous les êtres.",97
3,fre,J'ai fait beaucoup de mal et aucun bien.,98
3,fre,Comment puis-je échapper à ce filet de douleur que j'ai tissé moi-même de mes mauvais instincts ?,99
3,fre,"Ma Karma me conduira a l'enfer, car je ne pourrai jamais trouver la voie du salut. — Oui, c'est vrai, dit le moine.",100
3,fre,Votre Karma recueillera dans vos incarnations futures le fruit de la semence que vous avez semée.,101
3,fre,Celui qui a commis de mauvaises actions ne peut pas en éviter les conséquences.,102
3,fre,Mais ne vous désespérez pas: tout homme peut être sauvé à condition toutefois qu'il fasse le sacrifice de son individualité.,103
3,fre,"Comme exemple, je vous raconterai l'histoire d'un célèbre brigand, Kandata, qui est mort dans l'impénitence et qui renaquit démon dans l'enfer où il a subi les plus horribles souffrances.",104
3,fre,"Il y était déjà depuis de longues années, ne pouvant pas échapper a son malheureux sort, lorsque Bouddha apparut sur la terre.",105
3,fre,"A cette époque mémorable un rayon de lumière pénétra jusqu’à l'enfer et alluma l'espérance chez tous les démons: « O bienheureux Bouddha, aie pitié de moi!",106
3,fre,s'écria le brigand Kandata.,107
3,fre,"Je souffre horriblement et quoique j'aie fait le mal, je voudrais marcher maintenant dans la voie de la justice.",108
3,fre,Mais je ne puis pas me délivrer du filet de douleur qui me presse.,109
3,fre,"Aide-moi, Seigneur, aie pitié de moi!",110
3,fre,» La loi de Karma exige que les mauvaises actions conduisent à la perte.,111
3,fre,"Lorsque Bouddha entendit la prière du démon souffrant dans l'enfer, il lui envoya une araignée sur son fil, et l'araignée lui dit: « Accroche-toi à mon fil et sors de l'enfer.",112
3,fre,"» Lorsque l'araignée eut disparu, Kandata saisit le fil et se mit à grimper.",113
3,fre,Le fil était si solide qu'il ne se rompit pas et que le démon put monter de plus en plus haut.,114
3,fre,Tout à coup il sentit que le fil commençait à trembler et à se balancer.,115
3,fre,C'était parce que d'autres malheureux grimpaient derrière lui.,116
3,fre,Kandata eut peur.,117
3,fre,Il voyait combien le fil était mince et il s‘apercevait qu'il mincissait encore par le poids croissant qu'il apportait.,118
3,fre,"Toutefois, il ne rompait pas.",119
3,fre,"Jusqu‘ici, Kandata n'avait regardé qu’au-dessus de lui.",120
3,fre,"Alors, il regarda au-dessous et vit qu'une foule innombrable d'habitants de l'enter le suivaient dans son ascension.",121
3,fre,« Comment un fil aussi léger peut-il supporter le poids de tous ces gens?,122
3,fre,"» pensa-t-il, et, effrayé, il cria : « Lâchez mon fil, il est à moi!",123
3,fre,"» Et, du coup, le fil se rompit et Kandata retomba dans l'enfer.",124
3,fre,Le sentiment erroné de l'individualité éait encore vivant chez Kandata.,125
3,fre,Il ne savait pas quelle force merveilleuse a la tendance sincère vers le haut pour gravir la voie de la justice.,126
3,fre,"Cette tendance est aussi légère qu'un fil d'araignée, mais elle soulève des millions d'hommes et plus il y en aura, plus léger se sentira chacun d'eux.",127
3,fre,"Mais aussitôt que dans un cœur d'homme naît la pensée que ce fil est à lui , que le bienfait de la justice lui appartient a lui seul et que personne ne doit le partager avec lui, le fil se rompt et l'homme retombe dans son ancienne situation d'individualité isolée.",128
3,fre,Or l'isolement est une malédiction et l'union une bénédiction.,129
3,fre,Qu’est l'enfer?,130
3,fre,"Ce n'est autre chose que l'amour de soi, tandis que Nirvana est la vie commune... — Faites-moi done saisir le fil d'araignée, dit Madagouta mourant, lorsque le moine eut fini son récit.",131
3,fre,"Madagouta garda quelques instants le silence, comme pour rassembler ses pensées, puis il continua: — Ecoutez-moi bien, je veux tout vous avouer.",132
3,fre,"J'étais l'esclave de Pandou, joaillier de Kolshambi.",133
3,fre,"Mais, après qu'il m’eut torturé injustement, je me suis enfui, et suis devenu chef de brigands.",134
3,fre,"Il y a quelque temps, j'ai appris par mes éclaireurs qu'il devait traverser les montagnes.",135
3,fre,Je l'ai surpris et je lui ai enlevé la plus grande partie de sa fortune.,136
3,fre,Allez done lui dire que je lui pardonne de tout mon cœur le mal qu'il m'a fait injustement et que je le prie de me pardonner de l'avoir dépouillé.,137
3,fre,"Lorsque j'étais a son service, son cœur était dur comme une pierre, et c'est de lui que j'ai appris à ne penser qu’a soi.",138
3,fre,J'ai entendu dire qu'il est devenu meilleur et qu’on le cite comme un modèle de bonté et de justice.,139
3,fre,"Je ne veux pas rester son débiteur, aussi je vous prie de lui dire que j'ai conservé cachés dans un souterrain la couronne d'or qu'il a faite pour le roi ainsi que tout son trésor.",140
3,fre,Seuls deux brigands connaissaient ce souterrain et tous deux sont morts aujourd'hui.,141
3,fre,"Que Pandou, accompagné de gens armés, vienne reprendre les biens dont je l'ai dépouillé.",142
3,fre,"Et Madagouta mourut dans les bras de Pantaka, après lui avoir indiqué ou se trouvait le souterrain.",143
3,fre,"Le jeune moine se rendit aussitôt à Kolshambi, alla trouver le joaillier et lui raconta ce qui s'était passé dans la forêt.",144
3,fre,Pandou trouva le souterrain et y prit toutes ses richesses que le chef des brigands y avait cachées.,145
3,fre,"On enterra Madagouta et les brigands tués, et Pantaka, commentant sur leur tombe les paroles de Bouddha, dit: « L'individualité fait le mal et c'est l'individualité qui le souffre.",146
3,fre,» L'individualité évite le mal et l'individualité se purifie.,147
3,fre,» La pureté et l'impureté appartiennent à l'individualité.,148
3,fre,Nul ne peut purifier autrui.,149
3,fre,» L’homme doit lui-même faire l'effort ; les Bouddhas ne sont que des éducateurs.»,150
3,fre,"Pandou rapporta à Kolshambi toutes ses richesses et en jouissant avec modération de la fortune reconquise, il passa le reste de sa vie dans le calme et le bonheur, et lorsque, dans un âge avancé, il fut sur le point de mourir, il réunit autour de lui tous ses enfants et petits-enfants, et leur dit: — Mes chers enfants, n'accusez pas les autres de vos insuccès.",151
3,fre,"Cherchez la cause de vos malheurs en vous-mêmes, et si vous n’êtes pas aveuglés par la vanité, vous las trouverez et vous apprendrez ainsi à éviter le mal.",152
3,fre,Le remède à vos malheurs est en vous-mêmes.,153
3,fre,Que le regard de votre conscience ne soit jamais obscurci par le voile de Maya.,154
3,fre,"Rappelez-vous les paroles qui furent le talisman de ma vie: « Celui qui fait souffrir son prochain, fait du mal à soi-même.",155
3,fre,"» Celui qui aide autrui, vient en aide à soi-même.",156
3,fre,» Que l'erreur de l'individualité disparaisse et vous marcherez dans la voie de la justice.,157
3,fre,»,158
4,eng,"Pandou, a rich jeweller of the Brahmanistic caste, accompanied by his domestic, set out on a journey to Benares.",1
4,eng,"On the way he met a monk of venerable aspect, going on foot in the same direction, and invited him to take a seat in his vehicle.",2
4,eng,"""I thank you for your goodness,"" said the monk, ""for I am indeed very much fatigued.",3
4,eng,"However, as I possess nothing and can pay you nothing in return, I will offer you, in case you should need them, some spiritual treasures which I have acquired in following the precepts of Sakya-Muni, the Blessed Buddha, Grand Master of Humanity!""",4
4,eng,"They therefore journeyed together, and Pandou listened with pleasure to the wise words of Narada the Monk.",5
4,eng,"An hour thus went by, and, arrived at a point where the road was overflowed with water, they perceived a wagon belonging to a peasant, which a broken wheel had caused to turn on its side, thus completely obstructing the passage-way.",6
4,eng,"Devala, the proprietor of the charrette was en route to Benares to sell a load of rice, and he had hurried on in order to arrive there before day-dawn.",7
4,eng,Should he be retarded a day the buyers would have made their purchases and have departed.,8
4,eng,"The jeweller, seeing that he could not continue his voyage if the obstacle was not removed, became angry and ordered his slave Madagouta to remove the wagon.",9
4,eng,The peasant resisted because it was so near the ditch that he feared the attempt would cause it to topple over.,10
4,eng,"But the Brahmin would not listen, and ordered Madagouta to execute his commands.",11
4,eng,"The slave, who was possessed of Herculean strength, and besides found pleasure in molesting the weak, threw the wagon into the ditch before the monk had time to interfere.",12
4,eng,"When Pandou had passed the point, and was about to continue his journey, the monk quietly left the vehicle and said: ""Excuse me, sir, for leaving you; I thank you for having been so good as to permit me to travel in your company during the last hour.",13
4,eng,"I was greatly fatigued, but at present, thanks to your courtesy, I am rested.",14
4,eng,"Besides, having recognized in this peasant the incarnation of one of your ancestors, I cannot better recompense you for your kindness than by succoring him in his misfortune.""",15
4,eng,The Brahmin looked with astonishment at the monk.,16
4,eng,"""You say that this peasant is the incarnation of one of my ancestors?",17
4,eng,"It is impossible!""",18
4,eng,"""You do not know,"" said the monk, ""the many ties which unite us to the destiny of this peasant.",19
4,eng,"One cannot expect, it is true, a blind man to see; therefore, I pity you only because in inflicting these wounds you harm yourself, and I will try to prevent you from so doing.""",20
4,eng,"Notwithstanding the great kindness with which the monk spoke, the rich merchant felt the reproach, and because he was not accustomed to be addressed in this manner, he ordered the driver to continue his journey without further parley.",21
4,eng,"The monk approached Devala, saluted him, and commenced to aid him to repair the wagon and gather up the rice.",22
4,eng,"The work advanced so rapidly that Devala could not help thinking thus: ""This monk must be a saint; I should say that invisible spirits are aiding in this.",23
4,eng,"What if I should ask him why the proud Brahmin treated me in such a rude manner?""",24
4,eng,"""My good sir,"" said he, ""can you tell me why I have been submitted to such an injustice on the part of a man to whom I have never done any wrong?""",25
4,eng,"""Dear friend,"" replied the monk, ""you have not submitted to any injustice ; this is but a return to you, in your present existence of that which you did to this Brahmin in your past life.",26
4,eng,"And I do not deceive myself in saying that to-day you would do to the Brahmin that which he has done to you, if you were in his place, and if you had a slave as strong as his.""",27
4,eng,"The rice was soon collected and placed in the wagon, and the monk and the peasant went on their way to Benares.",28
4,eng,They were not far from the city when the horse shied.,29
4,eng,"""A serpent!",30
4,eng,"a serpent!""",31
4,eng,cried out the peasant.,32
4,eng,"The monk looked attentively at the object which had frightened the horse, left the wagon and picked up a purse filled with gold.",33
4,eng,"""This purse can only have been lost by the rich jeweller,"" thought he, and he gave it to the peasant, saying: ""Take this purse, and when you have come to Benares, go to the hotel which I will show you, and give him his money.",34
4,eng,"Pandou will beg you to excuse the rude action which he committed against you, and you will say to him that you have pardoned him, and that you wish him success in all his enterprises; for, believe me, the greater his success, the better it will be for you.",35
4,eng,"Your destiny depends in many ways upon his.""",36
4,eng,"Meanwhile Pandou arrived at Benares and met the rich banker, Malmek, with whom he had business relations.",37
4,eng,"""I am lost,"" said Malmek to him, ""if I cannot purchase a wagon-load of the best rice for the royal cuisine.",38
4,eng,"There is at Benares a banker, my implacable enemy, who, having learned that I had made a contract to deliver this morning to the royal major-domo a wagon-load of rice, purchased all there was of the article in the market.",39
4,eng,"The major-domo will not free me from my engagement, and I am lost if Krichna does not send me an angel from heaven to my aid.""",40
4,eng,"Whilst Malmek was recounting his mis fortune, Pandou perceived that he had lost his purse.",41
4,eng,"After having searched the vehicle in vain in quest of it, he decided that his slave Madagouta had taken it.",42
4,eng,He called the police and charged the slave with the theft.,43
4,eng,"Thereupon Madagouta was seized, bound, and tortured, in order to extract from him a confession.",44
4,eng,"""I am not guilty, let me go,"" cried the poor slave.",45
4,eng,"""I cannot support such torture!",46
4,eng,"I am innocent, and suffer for the crime of others.",47
4,eng,Oh!,48
4,eng,if I could obtain the pardon of the peasant upon whom I inflicted so much trouble in order to please my master!,49
4,eng,"This is indeed the just punishment of my cruelty.""",50
4,eng,"The police continued to beat the slave, and meanwhile Devala, the peasant, approached the hotel, and to the great astonishment of all handed the lost purse to Pandou.",51
4,eng,"The slave was quickly delivered from the hands of his executioners, but, angered against his master, he fled to the mountains and joined a band of brigands.",52
4,eng,"Malmek, learning in turn that the peasant could sell him rice, and of the best quality, hastened to purchase the entire wagon-load, paying him a triple price; and Pandou, happy to have found his money, hastened to the convent to demand of the monk the explanation promised him.",53
4,eng,"Narada the Monk said to him: ""I would have given you the explanation which you desired, but knowing that you are incapable of comprehending the truth, I prefer to say nothing to you except to give this counsel: Treat every man whom you meet as you would be treated yourself ; serve him as you would wish to be served; thus you will sow the seed of good actions and the harvest will profit you, also.""",54
4,eng,"""O monk; give me the explanation,"" said Pandou, ""and it will be more easy to follow your counsel.""",55
4,eng,"""Very well, then listen,"" replied the monk.",56
4,eng,"""I will give you the key to the mystery: if you cannot penetrate it, believe that which I tell you.",57
4,eng,"To consider one's self an isolated being is an illusion, and he who directs all his thoughts to accomplish the will of that isolated being follows a false route which will conduct him into the abyss of sin.",58
4,eng,"If we consider ourselves as isolated beings, it is because the veil of Maya blinds our eyes, preventing us from seeing the indissoluble ties which bind us to our neighbors, and from finding our communion with the souls of other beings.",59
4,eng,Few men know this truth.,60
4,eng,"May the following maxims be your talisman: 'He who harms others, harms himself.'",61
4,eng,"'He who aids others, does good to himself.'",62
4,eng,"'Cease to consider yourself an isolated being, and you will find the road to the truth.'",63
4,eng,"For him whose sight is obscured by the veil of Maya the world seems divided into innumerable individualities, and sucha man cannot understand the extent of universal love for every living creature.""",64
4,eng,"Pandou replied: 'Your words have a profound signification, and I will remember them.",65
4,eng,"I have extended a little courtesy, which cost me nothing, to a poor monk during his journey to Benares, and behold the blessed results which have come to me.",66
4,eng,"I owe you much, for without you, not only should I have lost my purse, but it would have been impossible to negotiate at Benares the affairs which have notably increased my fortune.",67
4,eng,"Besides, it is due to you that the wagon of rice arrived in time to save my friend Malmek.",68
4,eng,"If all men understood the truth of your precepts, how much better would be our world!",69
4,eng,how much evil actions would be diminished and universal happiness promoted!,70
4,eng,"I would that the truths of Buddha might be understood by all; for this reason, I wish to found a convent in my country of Kolshambi, and I pray you to aid me in establishing there a retreat for the fraternity of the disciples of Buddha.""",71
4,eng,Years have passed.,72
4,eng,"The convent of Kolshambi, founded by Pandou, the jeweller, has become a point where sages meet, and is celebrated as the important centre of science and scientific studies.",73
4,eng,"One day the king of an adjacent country, having heard of the perfection of the jewelry fabricated by Pandou, sent to him his treasurer to order a crown of massive gold, enriched with the most costly stones of India.",74
4,eng,"When Pandou had achieved the task, he set out for the capital of the king, and in the hope of securing further business, he took with him a 'great quantity of gold.",75
4,eng,The caravan which bore these riches was accompanied by armed men.,76
4,eng,"Nevertheless, when it arrived in the mountainous region, a band of brigands under Madagouta, their chief, attacked the caravan, massacred the escort, and took possession of the treasures.",77
4,eng,Pandou himself escaped only by the merest chance.,78
4,eng,This loss made an enormous breach in the fortune of the jeweller.,79
4,eng,"He was much affected thereby, but supported his misfortune with resignation.",80
4,eng,"""I have merited this trial,"" he thought, ""by the sins of my past life.",81
4,eng,"In my youth I was hard upon the people, and I should not complain at reaping to-day the fruit of my bad actions.""",82
4,eng,"Now Pandou had become more kindly disposed towards his fellow-creatures, and his misfortunes only accomplished the purification of his heart.",83
4,eng,"Years again went by, and it came to pass that Pantaka, a young monk a disciple of Narada while traveling in the mountains of Kolshambi, fell into the hands of brigands.",84
4,eng,"As he possessed nothing, the chief of the brigands released him after having caused him to be beaten.",85
4,eng,"The following morning, Pantaka, in passing through the forest heard the noise of a conflict.",86
4,eng,"He went in the direction of the combatants and beheld a large number of brigands, who were madly attacking their chief, Madagouta.",87
4,eng,"As a lion surrounded by dogs, the latter held his own, and had already killed several.",88
4,eng,"But they were too numerous, and finally Madagouta was vanquished and fell covered with wounds.",89
4,eng,"As soon as the brigands had gone, the young monk approached the wounded men, in order to give them aid; but all were dead.",90
4,eng,Madagouta alone showed signs of life.,91
4,eng,"The monk ran quickly to a little stream which ran by, filled his cruche with water, and carried it to the dying man.",92
4,eng,"Madagouta opened his eyes and said, whilst gritting his teeth: ""Where are the ungrateful dogs whom I have led so many times to the chase?",93
4,eng,"Without me they will soon be lost like jackals tracked by hunters.""",94
4,eng,"""Think no more of your companions, the accomplices of your criminal life,"" said Pantaka.",95
4,eng,"'Think rather of your last hour, of the salvation of your soul.",96
4,eng,"Drink this water, and let me dress your wounds; perhaps I may still save your life.""",97
4,eng,"""It is useless,"" replied Madagouta, ""I am lost the miserable wretches have wounded me unto death.",98
4,eng,Oh!,99
4,eng,the cowards!,100
4,eng,Oh!,101
4,eng,the ungrateful dogs!,102
4,eng,"They have stricken me down with the blows which I myself have taught them.""",103
4,eng,"""You reap that which you have sown.",104
4,eng,"Had you taught the good to your companions, good you would have received.",105
4,eng,"You taught them to murder, and thus you have been killed by their hands.""",106
4,eng,"""You are right,"" replied the brigand chief.",107
4,eng,"""I have merited my fate, but it must be terrible, if it is necessary to reap in the life to come the fruit of all my bad actions!",108
4,eng,"Teach me then, O holy man, that which I should do in order to lighten the weight of sins which oppress my breast like unto a rock.""",109
4,eng,"""Pluck from your heart your desires of vengeance; stifle your wicked passions, and fill your soul with love of all your fellowmen.""",110
4,eng,"""I have done much evil and no good.",111
4,eng,"How may I escape this net of woe which I have woven for myself, of my own wicked instincts?",112
4,eng,"My Karma will conduct me to hell, for I can never find the way of salvation.""",113
4,eng,"""Yes, it is true,"" said the monk.",114
4,eng,"""Your Karma will gather in your future incarnation the fruit of the grains which you have sown.",115
4,eng,He who has committed bad actions cannot avoid the consequences.,116
4,eng,But do not despair; every man can be saved upon condition that he make the sacrifice of his own individuality.,117
4,eng,"For example, I will recount to you the story of a celebrated brigand, Kandata, who died impenitent, and who was born again a demon in hell, where he endured the most horrible sufferings.",118
4,eng,"He had been there for many years, unable to escape from his unhappy fate, when Buddha appeared upon the earth.",119
4,eng,"At that memorable period, a ray of light penetrated as far as hell, and created hope in the breast of all the demons.",120
4,eng,"'O blessed Buddha, have pity upon me!'",121
4,eng,cried the brigand Kandata.,122
4,eng,"'I suffer horribly, and though I have committed evil I desire to walk now in the path of justice.",123
4,eng,But I cannot deliver myself from the net of pain which holds me.,124
4,eng,"Aid me, Master, have pity upon me!'",125
4,eng,The law of Karma reads that bad actions lead to destruction.,126
4,eng,"When Buddha heard the prayer of the demon suffering in hell he sent to him a spider upon his web, and the spider said to him: 'Take hold of my web and come out of hell.'",127
4,eng,"When the spider had disappeared, Kandata seized the thread and commenced to climb.",128
4,eng,"The thread was solid and did not break, so that the demon climbed higher and higher.",129
4,eng,Suddenly he felt the thread commence to tremble and swing.,130
4,eng,It was because other wretched demons were climbing behind him.,131
4,eng,Kandata was much frightened.,132
4,eng,"He saw how thin was the thread, and he perceived that it grew still thinner by reason of the increased weight.",133
4,eng,"However, Kandata held on.",134
4,eng,"Up to that time he had only looked upwards; now he looked below and saw an innumerable crowd of the inhabitants of hell, who followed him.",135
4,eng,'How may a thread so thin support the weight of all these people?',136
4,eng,"thought he, and frightened he cried out, 'Let go the thread, it is mine.""",137
4,eng,"""Suddenly the thread broke and Kandata fell backwards into hell.",138
4,eng,The erroneous sentiment of individuality was still alive in him.,139
4,eng,He did not know what marvellous force a sincere tendency has to mount upwards and to walk in the way of justice.,140
4,eng,"That tendency is as light as a spider's thread, but it can hold up millions of men; and the more it holds, the lighter it will appear.",141
4,eng,"But just as soon as there is born in the heart of man the thought that the thread as his own, that the blessing of justice belongs to him alone, and that no one may share it with him, the thread breaks, and man falls backward into his former position of isolated individuality.",142
4,eng,"Now, isolation is a malediction and union is a benediction.",143
4,eng,What is hell?,144
4,eng,"It is nothing else than the love of self, whilst Nirvana is life in common.""",145
4,eng,"""Cause me then to seize the spider's thread,"" said the dying Madagouta, when the monk had finished his recital.",146
4,eng,"Madagouta remained some moments in silence as if to collect his thoughts, and then said: ""Listen to me attentively.",147
4,eng,I wish to avow everything.,148
4,eng,"I was the slave of Pandou, jeweller of Kolshambi.",149
4,eng,"But after he had unjustly tortured me, I fled, and became the chief of brigands.",150
4,eng,Some time ago I learned by my scouts that he would cross the mountains.,151
4,eng,I surprised him and took from him the greater part of his fortune.,152
4,eng,"Go and tell him that I forgive him, with all my heart, the evil which he has unjustly done me, and that I beg him to forgive me for having robbed him.",153
4,eng,"When I was in his service his heart was as hard as stone, and it was from him I learned to think only of self.",154
4,eng,I have heard that he has become a better man and that he is now cited as a model of goodness and of justice.,155
4,eng,I do not wish to remain his debtor; therefore I pray you to say to him that I have preserved buried in a subterranean hiding-place the crown of gold which he made for the king; also all of his treasure.,156
4,eng,Only two brigands knew of this hiding place and the two were killed to-day.,157
4,eng,"Let Pandou accompanied by armed men come and take possession of the goods which I have taken from him.""",158
4,eng,"And Madagouta died in the arms of Pantaka, after having indicated to him where he could find the hidden treasure.",159
4,eng,"The young monk then hastened to Kolshambi, where he found the jeweller and told him of what had taken place in the forest.",160
4,eng,Pandou discovered the hiding-place and recovered all the riches which the chief of the brigands had hidden there.,161
4,eng,"He caused Madagouta and the slain brigands to be buried; and Pantaka, commentating over their graves upon the words of Buddha, said : "" Individuality causes evil, and it is individuality which suffers.""",162
4,eng,"""Individuality avoids evil and individuality purifies itself.""",163
4,eng,"""Purity and impurity belong to individuality; no one can purify another.",164
4,eng,"Man himself should make the effort; the Buddhas are only the educators.""",165
4,eng,"Pandou took back to Kolshambi all his riches; and in the enjoyment, with moderation, of his recovered fortune he passed the rest of his life in calmness and happiness.",166
4,eng,"When, at an advanced age, he was about to die, he collected around him his children.and grand-children, and said to them : ""My dear children, do not accuse others of your want of success; seek the cause of your misfortunes in yourselves, and if you are not blinded by vanity, you will find it, and you will learn thus to avoid the evil.",167
4,eng,The remedy of your misfortunes is in yourselves.,168
4,eng,Never let the regard of your conscience be veiled by the veil of Maya.,169
4,eng,Remember the words which were the talisman of my life: 'He who causes his neighbor to suffer works ill to himself.',170
4,eng,"'He who aids others, aids himself.'",171
4,eng,"'Let the error of individuality disappear, and you will then walk in the path of justice.'""",172
